'BASE_BUSINUSS_MANA','BASE','业务分析','#',1,'','0',1,'1','BASE_BUSINUSS_MANA'
'BASE_TERMINAL_MANA','BASE','终端分析','#',4,'','0',1,'1','BASE_TERMINAL_MANA'
'BASE_MMS_MANA','BASE','彩信分析','#',5,'','0',1,'1','BASE_MMS_MANA'
'BASE_BB_MANA','BASE','黑莓分析','#',6,'','0',1,'1','BASE_BB_MANA'
'BASE_RULE_MANA','BASE','规则管理','#',8,'\x09\x09\x09\x09\x09\x09\x09\x09 \x0D\x0A\x09\x09\x09\x09\x09\x09\x09','0',1,'1','BASE_RULE_MANA'
'BASE_SYSTEM_MANA','BASE','系统管理','#',9,'\x09\x09\x09\x09\x09\x09\x09\x09 \x0D\x0A\x09\x09\x09\x09\x09\x09\x09','0',1,'1','BASE_SYSTEM_MANA'
'BUSINUSS_FLUSH','BASE_BUSINUSS_MANA','全网业务分析','#',1,'','0',1,'1','BUSINUSS_FLUSH'
'BUSINUSS_GROUP_FLUSH','BASE_BUSINUSS_MANA','集团业务分析','#',3,'\x09\x09\x09\x09\x09\x09\x09\x09 \x0D\x0A\x09\x09\x09\x09\x09\x09\x09','0',1,'1','BUSINUSS_GROUP_FLUSH'
'BUSINUSS_BIG_FLUSH','BASE_BUSINUSS_MANA','大流量分析','#',5,'\x09\x09\x09\x09\x09\x09\x09\x09\x09\x09\x09\x09\x09\x09\x09\x09 \x0D\x0A\x09\x09\x09\x09\x09\x09\x09\x0D\x0A\x09\x09\x09\x09\x09\x09\x09','0',1,'1','BUSINUSS_BIG_FLUSH'
'BUSINUSS_DATA_CATCH','BASE_BUSINUSS_MANA','数据提取','#',6,'\x09\x09\x09\x09\x09\x09\x09\x09\x09\x09\x09\x09\x09\x09\x09\x09 \x0D\x0A\x09\x09\x09\x09\x09\x09\x09\x0D\x0A\x09\x09\x09\x09\x09\x09\x09','0',1,'1','BUSINUSS_DATA_CATCH'
'FLUSH_TOTAL_DIST','BUSINUSS_FLUSH','全网业务分析','/mantoeye/data_analyse/total_distribute.jsp?1=1',1,'','0',1,'1','FLUSH_TOTAL_DIST'
'FLUSH_SPACE_DIST','BUSINUSS_FLUSH','空间分布','/mantoeye/data_analyse/space_distribute.jsp?1=1',2,'\x09\x09\x09\x09\x09\x09\x09\x09\x09\x09\x09\x09\x09\x09\x09\x09 \x0D\x0A\x09\x09\x09\x09\x09\x09\x09\x0D\x0A\x09\x09\x09\x09\x09\x09\x09','0',1,'1','FLUSH_SPACE_DIST'
'FLUSH_BUSI_DIST','BUSINUSS_FLUSH','业务分布','/mantoeye/data_analyse/business_distribute.jsp?1=1',3,'\x09\x09\x09\x09\x09\x09\x09\x09\x09\x09\x09\x09\x09\x09\x09\x09 \x0D\x0A\x09\x09\x09\x09\x09\x09\x09\x0D\x0A\x09\x09\x09\x09\x09\x09\x09','0',1,'1','FLUSH_BUSI_DIST'
'FLUSH_APN_DIST','BUSINUSS_FLUSH','APN分布','/mantoeye/data_analyse/apn.jsp?1=1',4,'\x09\x09\x09\x09\x09\x09\x09\x09 \x0D\x0A\x09\x09\x09\x09\x09\x09\x09','0',1,'1','FLUSH_APN_DIST'
'FLUSH_WAP_DIST','BUSINUSS_FLUSH','应用协议分布','/mantoeye/data_analyse/wap.jsp?1=1',5,'\x09\x09\x09\x09\x09\x09\x09\x09 \x0D\x0A\x09\x09\x09\x09\x09\x09\x09','0',1,'1','FLUSH_WAP_DIST'
'FLUSH_TCP_DIST','BUSINUSS_FLUSH','传输协议分布','/mantoeye/data_analyse/tcp.jsp?1=1',5,'\x09\x09\x09\x09\x09\x09\x09\x09 \x0D\x0A\x09\x09\x09\x09\x09\x09\x09','0',1,'1','FLUSH_TCP_DIST'
'FLUSH_COUNTRY_DIST','BUSINUSS_FLUSH','用户归属分布','/mantoeye/data_analyse/userAttach.jsp?1=1',6,'\x09\x09\x09\x09\x09\x09\x09\x09 \x0D\x0A\x09\x09\x09\x09\x09\x09\x09','0',1,'1','FLUSH_COUNTRY_DIST'
'FLUSH_TOPFLUSH_DIST','BUSINUSS_FLUSH','流量TOP100小区','/mantoeye/data_analyse/topflush.jsp?1=1',8,'','0',1,'1','FLUSH_TOPFLUSH_DIST'
'FLUSH_TOPUSER_DIST','BUSINUSS_FLUSH','用户数TOP100小区','/mantoeye/data_analyse/topuser.jsp?1=1',9,'','0',1,'1','FLUSH_TOPUSER_DIST'
'GROUP_APNSPACE_DIST','BUSINUSS_GROUP_FLUSH','集团APN空间分布','/mantoeye/groupBisness/areadistribute.jsp?1=1',1,'\x09\x09\x09\x09\x09\x09\x09\x09\x09\x09\x09\x09\x09\x09\x09\x09\x09\x09\x09\x09\x09\x09\x09\x09 \x0D\x0A\x09\x09\x09\x09\x09\x09\x09\x0D\x0A\x09\x09\x09\x09\x09\x09\x09\x0D\x0A\x09\x09\x09\x09\x09\x09\x09','0',1,'1','GROUP_APNSPACE_DIST'
'GROUP_APN_DIST','BUSINUSS_GROUP_FLUSH','集团APN分布','/mantoeye/bloc_analyse/bloc_apn.jsp?1=1',1,'\x09\x09\x09\x09\x09\x09\x09\x09\x09\x09\x09\x09\x09\x09\x09\x09 \x0D\x0A\x09\x09\x09\x09\x09\x09\x09\x0D\x0A\x09\x09\x09\x09\x09\x09\x09','0',1,'1','GROUP_APN_DIST'
'GROUP_COUNTRY_DIST','BUSINUSS_GROUP_FLUSH','集团APN用户归属分布','/mantoeye/groupBisness/groupbisuserbelong.jsp?1=1',3,'\x09\x09\x09\x09\x09\x09\x09\x09\x09\x09\x09\x09\x09\x09\x09\x09\x09\x09\x09\x09\x09\x09\x09\x09 \x0D\x0A\x09\x09\x09\x09\x09\x09\x09\x0D\x0A\x09\x09\x09\x09\x09\x09\x09\x0D\x0A\x09\x09\x09\x09\x09\x09\x09','0',1,'1','GROUP_COUNTRY_DIST'
'BIG_USER_MANA','BUSINUSS_BIG_FLUSH','每日大流量用户','/mantoeye/valueset/big_flush_display.jsp?1=1',1,'\x09\x09\x09\x09\x09\x09\x09\x09 \x0D\x0A\x09\x09\x09\x09\x09\x09\x09','0',1,'1','BIG_USER_MANA'
'BIG_BLACK_MANA','BUSINUSS_BIG_FLUSH','黑名单管理','/mantoeye/valueset/blackuser.jsp?1=1',3,'\x09\x09\x09\x09\x09\x09\x09\x09 \x0D\x0A\x09\x09\x09\x09\x09\x09\x09','0',1,'1','BIG_BLACK_MANA'
'BIG_FILTER_MANA','BUSINUSS_BIG_FLUSH','大流量阀值设置','/mantoeye/valueset/limitvalue.jsp?1=1',4,'\x09\x09\x09\x09\x09\x09\x09\x09 \x0D\x0A\x09\x09\x09\x09\x09\x09\x09','0',1,'1','BIG_FILTER_MANA'
'CATCH_HISBASE_DATA','BUSINUSS_DATA_CATCH','历史原始数据提取','/mantoeye/data_catch/data_catch_index.jsp?1=1',1,'','0',1,'1','CATCH_HISBASE_DATA'
'CATCH_CURRBASE_DATA','BUSINUSS_DATA_CATCH','实时原始数据提取','/mantoeye/data_catch/data_catch_index.jsp?1=1',2,'','0',1,'1','CATCH_CURRBASE_DATA'
'CATCH_HISANALYSIS_DATA','BUSINUSS_DATA_CATCH','历史解析记录提取','/mantoeye/data_catch/data_catch_index.jsp?1=1',3,'','0',1,'1','CATCH_HISANALYSIS_DATA'
'CATCH_IMSIS_DATA','BUSINUSS_DATA_CATCH','用户号码提取','/mantoeye/data_catch/data_catch_index.jsp?1=1',4,'','0',1,'1','CATCH_IMSIS_DATA'
'TERMINAL_BUSI_ANAY','BASE_TERMINAL_MANA','终端业务分析','/mantoeye/terminalbisanlyse/terminalanalyse.jsp?1=1',1,'','0',1,'1','TERMINAL_BUSI_ANAY'
'BUSINUSS_TERM_ANAY','BASE_TERMINAL_MANA','业务终端分析','/mantoeye/terminalbisanlyse/businessanalyse.jsp?1=1',2,'','0',1,'1','BUSINUSS_TERM_ANAY'
'TERMINAL_DATA_MANA','BASE_TERMINAL_MANA','终端管理','/mantoeye/terminalmanager/terminaluser.jsp?1=1',3,'','0',1,'1','TERMINAL_DATA_MANA'
'TERMINAL_TASK_MANA','BASE_TERMINAL_MANA','终端任务定制','/mantoeye/terminalmanager/terminal_task.jsp?1=1',4,'','0',1,'1','TERMINAL_TASK_MANA'
'MMS_TOTAL_ANAY','BASE_MMS_MANA','总体分析','#',1,'','0',1,'1','MMS_TOTAL_ANAY'
'MMS_SP_ANAY','BASE_MMS_MANA','SP彩信','#',2,'','0',1,'1','MMS_SP_ANAY'
'MMS_PEER_ANAY','BASE_MMS_MANA','点对点彩信','#',3,'','0',1,'1','MMS_PEER_ANAY'
'MMS_TOTAL_TYPE_STAT','MMS_TOTAL_ANAY','发送方式统计','/mantoeye/mms/mms_send_mode.jsp?1=1',1,'','0',1,'1','MMS_TOTAL_TYPE_STAT'
'MMS_TOTAL_HOUR_STAT','MMS_TOTAL_ANAY','流量分时段统计','/mantoeye/mms/mms_time_level.jsp?1=1',2,'','0',1,'1','MMS_TOTAL_HOUR_STAT'
'MMS_SP_PORT_STAT','MMS_SP_ANAY','按端口统计','/mantoeye/mms/sp/sp_mms_port.jsp?1=1',1,'','0',1,'1','MMS_SP_PORT_STAT'
'MMS_SP_TITEL_STAT','MMS_SP_ANAY','按主题统计','/mantoeye/mms/sp/sp_mms_title.jsp?1=1',2,'','0',1,'1','MMS_SP_TITEL_STAT'
'MMS_SP_SPACE_STAT','MMS_SP_ANAY','按区域统计','/mantoeye/mms/sp/sp_mms_area.jsp?1=1',3,'','0',1,'1','MMS_SP_SPACE_STAT'
'MMS_SP_TSPACE_STAT','MMS_SP_ANAY','按主题区域统计','/mantoeye/mms/sp/sp_mms_title_area.jsp?1=1',4,'','0',1,'1','MMS_SP_TSPACE_STAT'
'MMS_SP_THOUR_STAT','MMS_SP_ANAY','按主题时段统计','/mantoeye/mms/sp/sp_mms_title_time.jsp?1=1',5,'','0',1,'1','MMS_SP_THOUR_STAT'
'MMS_SP_FLEVEL_STAT','MMS_SP_ANAY','按流量分档统计','/mantoeye/mms/sp/sp_mms_flush_level.jsp?1=1',6,'','0',1,'1','MMS_SP_FLEVEL_STAT'
'MMS_PEER_SEG_STAT','MMS_PEER_ANAY','号段分布','/mantoeye/mms/peer/mms_peer_seg.jsp?1=1',1,'','0',1,'1','MMS_PEER_SEG_STAT'
'MMS_PEER_HOUR_STAT','MMS_PEER_ANAY','时段分布','/mantoeye/mms/peer/mms_peer_hour.jsp?1=1',2,'','0',1,'1','MMS_PEER_HOUR_STAT'
'MMS_PEER_SPACE_STAT','MMS_PEER_ANAY','空间分布','/mantoeye/mms/peer/mms_peer_space.jsp?1=1',3,'','0',1,'1','MMS_PEER_SPACE_STAT'
'BB_AREA_ANAY','BASE_BB_MANA','区域','#',1,'','0',1,'1','BB_AREA_ANAY'
'BB_YYS_ANAY','BASE_BB_MANA','运营商','#',2,'','0',1,'1','BB_YYS_ANAY'
'BB_ACTIVE_ANAY','BASE_BB_MANA','活跃用户','#',3,'','0',1,'1','BB_ACTIVE_ANAY'
'BB_COUNTRY_ANAY','BASE_BB_MANA','用户归属','#',4,'','0',1,'1','BB_COUNTRY_ANAY'
'BB_AREA_SPACE_DIST','BB_AREA_ANAY','空间分布','/mantoeye/blackberry/bbarea.jsp?1=1',1,'','0',1,'1','BB_AREA_SPACE_DIST'
'BB_AREA_FLUSH_TOP','BB_AREA_ANAY','流量TOP100小区','/mantoeye/blackberry/top100areaflush.jsp?1=1',2,'','0',1,'1','BB_AREA_FLUSH_TOP'
'BB_YYS_USER_DEST','BB_YYS_ANAY','运营商分布','/mantoeye/blackberry/yysbusiness.jsp?1=1',1,'','0',1,'1','BB_YYS_USER_DEST'
'BB_YYS_SPACE_DEST','BB_YYS_ANAY','空间分布','/mantoeye/blackberry/areayys.jsp?1=1',2,'','0',1,'1','BB_YYS_SPACE_DEST'
'BB_ACTIVE_USER_LIST','BB_ACTIVE_ANAY','活跃用户呈现','/mantoeye/blackberry/active/bb_active.jsp?1=1',1,'','0',1,'1','BB_ACTIVE_USER_LIST'
'BB_ACTIVE_SPACE_DEST','BB_ACTIVE_ANAY','空间分布','/mantoeye/blackberry/active/bb_active_space.jsp?1=1',2,'','0',1,'1','BB_ACTIVE_SPACE_DEST'
'BB_COUNTRY_USER_DEST','BB_COUNTRY_ANAY','用户归属分布','/mantoeye/blackberry/country/bb_country.jsp?1=1',1,'','0',1,'1','BB_COUNTRY_USER_DEST'
'BB_COUNTRY_SPACE_DEST','BB_COUNTRY_ANAY','空间分布','/mantoeye/blackberry/country/bb_country_space.jsp?1=1',2,'','0',1,'1','BB_COUNTRY_SPACE_DEST'
'BB_COUNTRY_USER_TOP','BB_COUNTRY_ANAY','用户数TOP100小区','/mantoeye/blackberry/country/bb_country_top.jsp?1=1',3,'','0',1,'1','BB_COUNTRY_USER_TOP'
'RULE_BUSI_MANA','BASE_RULE_MANA','业务配置','/mantoeye/business_rules/business_site/index.jsp?1=1',1,'','0',1,'1','RULE_BUSI_MANA'
'RULE_MA_MANA','BASE_RULE_MANA','规则配置','#',2,'','0',1,'1','RULE_MA_MANA'
'RULE_TEST_MANA','BASE_RULE_MANA','业务规则拨测维护','/mantoeye/business_rules/ruletest/index.jsp?1=1',3,'','0',1,'1','RULE_TEST_MANA'
'RULE_MAINFLUSH_STAT','BASE_RULE_MANA','流量碰撞率异常统计','/mantoeye/business_rules/mainflush/index.jsp?1=1',4,'\x09\x09\x09\x09\x09\x09\x09\x09\x09\x09\x09\x09\x09\x09\x09\x09 \x0D\x0A\x09\x09\x09\x09\x09\x09\x09\x0D\x0A\x09\x09\x09\x09\x09\x09\x09','0',1,'1','RULE_MAINFLUSH_STAT'
'RULE_ASSIST_STAT','RULE_MA_MANA','检验规则异常统计','/mantoeye/business_rules/assiststat/index.jsp?1=1',5,'\x09\x09\x09\x09\x09\x09\x09\x09 \x0D\x0A\x09\x09\x09\x09\x09\x09\x09','0',1,'1','RULE_ASSIST_STAT'
'RULE_RECOGNISE_STAT','RULE_MA_MANA','全量业务自发现','/mantoeye/business_rules/recognise/index.jsp?1=1',3,'\x09\x09\x09\x09\x09\x09\x09\x09 \x0D\x0A\x09\x09\x09\x09\x09\x09\x09','0',1,'1','RULE_RECOGNISE_STAT'
'RULE_TOPFLUSH_STAT','BASE_RULE_MANA','业务流量统计排名','/mantoeye/business_rules/topflush/index.jsp?1=1',7,'','0',1,'1','RULE_TOPFLUSH_STAT'
'SYSTEM_USER_MANA','BASE_SYSTEM_MANA','用户管理','/sysdata/user/user_index.jsp?1=1',1,'','0',1,'1','SYSTEM_USER_MANA'
'SYSTEM_ROLE_MANA','BASE_SYSTEM_MANA','角色管理','/sysdata/role/role_index.jsp?1=1',2,'','0',1,'1','SYSTEM_ROLE_MANA'
'SYSTEM_MENU_MANA','BASE_SYSTEM_MANA','模块管理','/sysdata/permis/permis_index.jsp?1=1',3,'','0',1,'1','SYSTEM_MENU_MANA'
'SYSTEM_LOG_MANA','BASE_SYSTEM_MANA','系统日志','/sysdata/logs/log_index.jsp?1=1',4,'','0',1,'1','SYSTEM_LOG_MANA'
'RULE_MA_MAIN_MANA','RULE_MA_MANA','翻译规则配置','/mantoeye/business_rules/vetor/main_index.jsp?1=1',1,'','0',1,'1','RULE_MA_MAIN_MANA'
'RULE_MA_ASSIST_MANA','RULE_MA_MANA','自发现规则配置','/mantoeye/business_rules/vetor/assist_index.jsp?1=1',2,'','0',1,'1','RULE_MA_ASSIST_MANA'
'RULE_MA_MAMAP_MANA','RULE_MA_MANA','检验规则关联','/mantoeye/business_rules/vetor/index.jsp?1=1',4,'\x09\x09\x09\x09\x09\x09\x09\x09 \x0D\x0A\x09\x09\x09\x09\x09\x09\x09','0',1,'1','RULE_MA_MAMAP_MANA'
'OFFHAND_DATA_QUERY','BASE_BUSINUSS_MANA','即席查询','/mantoeye/immediately/immediately_query.jsp?1=1',7,'\x09\x09\x09\x09\x09\x09\x09\x09 \x0D\x0A\x09\x09\x09\x09\x09\x09\x09','0',1,'1','OFFHAND_DATA_QUERY'
'BIG_USER_MANA_BTN_BLACK','BIG_USER_MANA','[按钮]加入黑名单','#',1,'','0',2,'1','BIG_USER_MANA_BTN_BLACK'
'BIG_BLACK_MANA_BTN_ADD','BIG_BLACK_MANA','[按钮]添加','#',1,'','0',2,'1','BIG_BLACK_MANA_BTN_ADD'
'BIG_BLACK_MANA_BTN_EDIT','BIG_BLACK_MANA','[按钮]编辑','#',2,'','0',2,'1','BIG_BLACK_MANA_BTN_EDIT'
'BIG_BLACK_MANA_BTN_DEL','BIG_BLACK_MANA','[按钮]删除','#',3,'','0',2,'1','BIG_BLACK_MANA_BTN_DEL'
'BIG_FILTER_MANA_BTN_EDIT','BIG_FILTER_MANA','[按钮]修改设置','#',1,'','0',2,'1','BIG_FILTER_MANA_BTN_EDIT'
'SYSTEM_USER_MANA_BTN_ADD','SYSTEM_USER_MANA','[按钮]添加用户','#',1,'','0',2,'1','SYSTEM_USER_MANA_BTN_ADD'
'SYSTEM_USER_MANA_BTN_EDIT','SYSTEM_USER_MANA','[按钮]编辑用户','#',2,'','0',2,'1','SYSTEM_USER_MANA_BTN_EDIT'
'SYSTEM_USER_MANA_BTN_DEL','SYSTEM_USER_MANA','[按钮]删除用户','#',3,'','0',2,'1','SYSTEM_USER_MANA_BTN_DEL'
'SYSTEM_USER_MANA_BTN_ROLE','SYSTEM_USER_MANA','[按钮]权限设置','#',4,'','0',2,'1','SYSTEM_USER_MANA_BTN_ROLE'
'SYSTEM_USER_MANA_BTN_UNMP','SYSTEM_USER_MANA','[按钮]同步用户','#',5,'','0',2,'1','SYSTEM_USER_MANA_BTN_UNMP'
'SYSTEM_ROLE_MANA_BTN_ADD','SYSTEM_ROLE_MANA','[按钮]添加角色','#',1,'','0',2,'1','SYSTEM_ROLE_MANA_BTN_ADD'
'SYSTEM_ROLE_MANA_BTN_EDIT','SYSTEM_ROLE_MANA','[按钮]编辑角色','#',2,'','0',2,'1','SYSTEM_ROLE_MANA_BTN_EDIT'
'SYSTEM_ROLE_MANA_BTN_DEL','SYSTEM_ROLE_MANA','[按钮]删除角色','#',3,'','0',2,'1','SYSTEM_ROLE_MANA_BTN_DEL'
'SYSTEM_ROLE_MANA_BTN_ROLE','SYSTEM_ROLE_MANA','[按钮]权限设置','#',4,'','0',2,'1','SYSTEM_ROLE_MANA_BTN_ROLE'
'SYSTEM_MENU_MANA_BTN_ADD','SYSTEM_MENU_MANA','[按钮]添加模块','#',1,'','0',2,'1','SYSTEM_MENU_MANA_BTN_ADD'
'SYSTEM_MENU_MANA_BTN_EDIT','SYSTEM_MENU_MANA','[按钮]编辑模块','#',2,'','0',2,'1','SYSTEM_MENU_MANA_BTN_EDIT'
'SYSTEM_MENU_MANA_BTN_DEL','SYSTEM_MENU_MANA','[按钮]删除模块','#',3,'','0',2,'1','SYSTEM_MENU_MANA_BTN_DEL'
'SYSTEM_LOG_MANA_BTN_DEL','SYSTEM_LOG_MANA','[按钮]删除日志','#',3,'\x09\x09\x09\x09\x09\x09\x09\x09 \x0D\x0A\x09\x09\x09\x09\x09\x09\x09','0',2,'1','SYSTEM_LOG_MANA_BTN_DEL'
'CATCH_HISBASE_DATA_BTN_ADD','CATCH_HISBASE_DATA','[按钮]添加任务','#',1,'','0',2,'1','CATCH_HISBASE_DATA_BTN_ADD'
'CATCH_HISBASE_DATA_BTN_EDIT','CATCH_HISBASE_DATA','[按钮]编辑任务','#',2,'','0',2,'1','CATCH_HISBASE_DATA_BTN_EDIT'
'CATCH_HISBASE_DATA_BTN_PAUSE','CATCH_HISBASE_DATA','[按钮]停止任务','#',3,'\x09\x09\x09\x09\x09\x09\x09\x09 \x0D\x0A\x09\x09\x09\x09\x09\x09\x09','0',2,'1','CATCH_HISBASE_DATA_BTN_PAUSE'
'CATCH_HISBASE_DATA_BTN_DEL','CATCH_HISBASE_DATA','[按钮]删除任务','#',4,'','0',2,'1','CATCH_HISBASE_DATA_BTN_DEL'
'CATCH_CURRBASE_DATA_BTN_ADD','CATCH_CURRBASE_DATA','[按钮]添加任务','#',1,'','0',2,'1','CATCH_CURRBASE_DATA_BTN_ADD'
'CATCH_CURRBASE_DATA_BTN_EDIT','CATCH_CURRBASE_DATA','[按钮]编辑任务','#',2,'','0',2,'1','CATCH_CURRBASE_DATA_BTN_EDIT'
'CATCH_CURRBASE_DATA_BTN_PAUSE','CATCH_CURRBASE_DATA','[按钮]停止任务','#',3,'\x09\x09\x09\x09\x09\x09\x09\x09 \x0D\x0A\x09\x09\x09\x09\x09\x09\x09','0',2,'1','CATCH_CURRBASE_DATA_BTN_PAUSE'
'CATCH_CURRBASE_DATA_BTN_DEL','CATCH_CURRBASE_DATA','[按钮]删除任务','#',4,'','0',2,'1','CATCH_CURRBASE_DATA_BTN_DEL'
'CATCH_HISANALYSIS_DATA_BTN_ADD','CATCH_HISANALYSIS_DATA','[按钮]添加任务','#',1,'','0',2,'1','CATCH_HISANALYSIS_DATA_BTN_ADD'
'CATCH_HISANALYSIS_DATA_BTN_EDIT','CATCH_HISANALYSIS_DATA','[按钮]编辑任务','#',2,'','0',2,'1','CATCH_HISANALYSIS_DATA_BTN_EDIT'
'CATCH_HISANALYSIS_DATA_BTN_PAUSE','CATCH_HISANALYSIS_DATA','[按钮]停止任务','#',3,'\x09\x09\x09\x09\x09\x09\x09\x09 \x0D\x0A\x09\x09\x09\x09\x09\x09\x09','0',2,'1','CATCH_HISANALYSIS_DATA_BTN_PAUSE'
'CATCH_HISANALYSIS_DATA_BTN_DEL','CATCH_HISANALYSIS_DATA','[按钮]删除任务','#',4,'','0',2,'1','CATCH_HISANALYSIS_DATA_BTN_DEL'
'CATCH_IMSIS_DATA_BTN_ADD','CATCH_IMSIS_DATA','[按钮]添加任务','#',1,'','0',2,'1','CATCH_IMSIS_DATA_BTN_ADD'
'CATCH_IMSIS_DATA_BTN_EDIT','CATCH_IMSIS_DATA','[按钮]编辑任务','#',2,'','0',2,'1','CATCH_IMSIS_DATA_BTN_EDIT'
'CATCH_IMSIS_DATA_BTN_PAUSE','CATCH_IMSIS_DATA','[按钮]停止任务','#',3,'\x09\x09\x09\x09\x09\x09\x09\x09 \x0D\x0A\x09\x09\x09\x09\x09\x09\x09','0',2,'1','CATCH_IMSIS_DATA_BTN_PAUSE'
'CATCH_IMSIS_DATA_BTN_DEL','CATCH_IMSIS_DATA','[按钮]删除任务','#',4,'','0',2,'1','CATCH_IMSIS_DATA_BTN_DEL'
'TERMINAL_DATA_MANA_BTN_UPLOAD','TERMINAL_DATA_MANA','[按钮]上传终端','#',1,'','0',2,'1','TERMINAL_DATA_MANA_BTN_UPLOAD'
'TERMINAL_DATA_MANA_BTN_CLEAR','TERMINAL_DATA_MANA','[按钮]清除终端','#',2,'','0',2,'1','TERMINAL_DATA_MANA_BTN_CLEAR'
'TERMINAL_TASK_MANA_BTN_ADD','TERMINAL_TASK_MANA','[按钮]添加任务','#',1,'','0',2,'1','TERMINAL_TASK_MANA_BTN_ADD'
'TERMINAL_TASK_MANA_BTN_EDIT','TERMINAL_TASK_MANA','[按钮]编辑任务','#',2,'','0',2,'1','TERMINAL_TASK_MANA_BTN_EDIT'
'TERMINAL_TASK_MANA_BTN_DEL','TERMINAL_TASK_MANA','[按钮]删除任务','#',3,'','0',2,'1','TERMINAL_TASK_MANA_BTN_DEL'
'RULE_BUSI_MANA_BTN_ADD','RULE_BUSI_MANA','[按钮]添加','#',1,'','0',2,'1','RULE_BUSI_MANA_BTN_ADD'
'RULE_BUSI_MANA_BTN_EDIT','RULE_BUSI_MANA','[按钮]编辑','#',2,'','0',2,'1','RULE_BUSI_MANA_BTN_EDIT'
'RULE_BUSI_MANA_BTN_DEL','RULE_BUSI_MANA','[按钮]删除','#',3,'','0',2,'1','RULE_BUSI_MANA_BTN_DEL'
'RULE_MA_MAIN_MANA_BTN_ADD','RULE_MA_MAIN_MANA','[按钮]添加','#',1,'','0',2,'1','RULE_MA_MAIN_MANA_BTN_ADD'
'RULE_MA_MAIN_MANA_BTN_EDIT','RULE_MA_MAIN_MANA','[按钮]编辑','#',2,'','0',2,'1','RULE_MA_MAIN_MANA_BTN_EDIT'
'RULE_MA_MAIN_MANA_BTN_DEL','RULE_MA_MAIN_MANA','[按钮]删除','#',3,'','0',2,'1','RULE_MA_MAIN_MANA_BTN_DEL'
'RULE_MA_MAIN_MANA_BTN_MAP','RULE_MA_MAIN_MANA','[按钮]关联检验规则','#',4,'','0',2,'1','RULE_MA_MAIN_MANA_BTN_MAP'
'RULE_MA_ASSIST_MANA_BTN_ADD','RULE_MA_ASSIST_MANA','[按钮]添加','#',1,'','0',2,'1','RULE_MA_ASSIST_MANA_BTN_ADD'
'RULE_MA_ASSIST_MANA_BTN_EDIT','RULE_MA_ASSIST_MANA','[按钮]编辑','#',2,'','0',2,'1','RULE_MA_ASSIST_MANA_BTN_EDIT'
'RULE_MA_ASSIST_MANA_BTN_DEL','RULE_MA_ASSIST_MANA','[按钮]删除','#',3,'','0',2,'1','RULE_MA_ASSIST_MANA_BTN_DEL'
'RULE_MA_MAMAP_MANA_BTN_DEL','RULE_MA_MAMAP_MANA','[按钮]删除','#',3,'','0',2,'1','RULE_MA_MAMAP_MANA_BTN_DEL'
'RULE_TEST_MANA_MANA_BTN_BIZ_ADD','RULE_TEST_MANA','[按钮]添加已有业务拨测','#',1,'','0',2,'1','RULE_TEST_MANA_MANA_BTN_BIZ_ADD'
'RULE_TEST_MANA_MANA_BTN_NEW_ADD','RULE_TEST_MANA','[按钮]添加新业务拨测','#',2,'','0',2,'1','RULE_TEST_MANA_MANA_BTN_NEW_ADD'
'RULE_TEST_MANA_BTN_EDIT','RULE_TEST_MANA','[按钮]编辑','#',3,'','0',2,'1','RULE_TEST_MANA_BTN_EDIT'
'RULE_TEST_MANA_BTN_DEL','RULE_TEST_MANA','[按钮]删除','#',4,'','0',2,'1','RULE_TEST_MANA_BTN_DEL'
'DATA_CATCH_USER_PERM','BUSINUSS_DATA_CATCH','[功能]数据提取任务权限','#',4,'','0',9,'1','DATA_CATCH_USER_PERM'
'MANTOEYE_TEMP_MEMU','BASE','未开放功能','#',99,'','0',1,'1','MANTOEYE_TEMP_MEMU'
'FLUSH_SPACE_DATE','402881d12a2257f3012a41201b8700da','空间时间走势','/mantoeye/data_trend/space_distribute_trend.jsp?1=1',1,'\x09\x09\x09\x09\x09\x09\x09\x09\x09\x09\x09\x09\x09\x09\x09\x09\x09\x09\x09\x09\x09\x09\x09\x09 \x0D\x0A\x09\x09\x09\x09\x09\x09\x09\x0D\x0A\x09\x09\x09\x09\x09\x09\x09\x0D\x0A\x09\x09\x09\x09\x09\x09\x09','0',1,'1','FLUSH_SPACE_DATE'
'FLUSH_BUSI_DATE','402881d12a2257f3012a41201b8700da','业务时间走势','/mantoeye/data_trend/business_distribute_trend.jsp?1=1',2,'\x09\x09\x09\x09\x09\x09\x09\x09\x09\x09\x09\x09\x09\x09\x09\x09 \x0D\x0A\x09\x09\x09\x09\x09\x09\x09\x0D\x0A\x09\x09\x09\x09\x09\x09\x09','0',1,'1','FLUSH_BUSI_DATE'
'FLUSH_APN_DATE','402881d12a2257f3012a41201b8700da','APN时间走势','/mantoeye/data_trend/apn_distribute_trend.jsp?1=1',3,'\x09\x09\x09\x09\x09\x09\x09\x09\x09\x09\x09\x09\x09\x09\x09\x09 \x0D\x0A\x09\x09\x09\x09\x09\x09\x09\x0D\x0A\x09\x09\x09\x09\x09\x09\x09','0',1,'1','FLUSH_APN_DATE'
'FLUSH_WAP_DATE','402881d12a2257f3012a41201b8700da','应用协议时间走势','/mantoeye/data_trend/wap_trend.jsp?1=1',4,'\x09\x09\x09\x09\x09\x09\x09\x09\x09\x09\x09\x09\x09\x09\x09\x09\x09\x09\x09\x09\x09\x09\x09\x09 \x0D\x0A\x09\x09\x09\x09\x09\x09\x09\x0D\x0A\x09\x09\x09\x09\x09\x09\x09\x0D\x0A\x09\x09\x09\x09\x09\x09\x09','0',1,'1','FLUSH_WAP_DATE'
'FLUSH_TCP_DATE','402881d12a2257f3012a41201b8700da','传输协议时间走势','/mantoeye/data_trend/tcp_trend.jsp?1=1',5,'\x09\x09\x09\x09\x09\x09\x09\x09\x09\x09\x09\x09\x09\x09\x09\x09 \x0D\x0A\x09\x09\x09\x09\x09\x09\x09\x0D\x0A\x09\x09\x09\x09\x09\x09\x09','0',1,'1','FLUSH_TCP_DATE'
'FLUSH_COUNTRY_DATE','402881d12a2257f3012a41201b8700da','用户归属时间走势','/mantoeye/data_trend/userBelong_distribute_trend.jsp?1=1',6,'\x09\x09\x09\x09\x09\x09\x09\x09\x09\x09\x09\x09\x09\x09\x09\x09\x09\x09\x09\x09\x09\x09\x09\x09 \x0D\x0A\x09\x09\x09\x09\x09\x09\x09\x0D\x0A\x09\x09\x09\x09\x09\x09\x09\x0D\x0A\x09\x09\x09\x09\x09\x09\x09','0',1,'1','FLUSH_COUNTRY_DATE'
'GROUP_APNSPACE_DATE','402881d12a2257f3012a41289c1a0176','APN空间时间走势','/mantoeye/data_trend/group_apn_area.jsp?1=1',2,'\x09\x09\x09\x09\x09\x09\x09\x09\x09\x09\x09\x09\x09\x09\x09\x09\x09\x09\x09\x09\x09\x09\x09\x09\x09\x09\x09\x09\x09\x09\x09\x09 \x0D\x0A\x09\x09\x09\x09\x09\x09\x09\x0D\x0A\x09\x09\x09\x09\x09\x09\x09\x0D\x0A\x09\x09\x09\x09\x09\x09\x09\x0D\x0A\x09\x09\x09\x09\x09\x09\x09','0',1,'1','GROUP_APNSPACE_DATE'
'GROUP_APN_DATE','402881d12a2257f3012a41289c1a0176','APN分布时间走势','/mantoeye/data_trend/group_apn_trend.jsp?1=1',1,'\x09\x09\x09\x09\x09\x09\x09\x09\x09\x09\x09\x09\x09\x09\x09\x09\x09\x09\x09\x09\x09\x09\x09\x09\x09\x09\x09\x09\x09\x09\x09\x09\x09\x09\x09\x09\x09\x09\x09\x09 \x0D\x0A\x09\x09\x09\x09\x09\x09\x09\x0D\x0A\x09\x09\x09\x09\x09\x09\x09\x0D\x0A\x09\x09\x09\x09\x09\x09\x09\x0D\x0A\x09\x09\x09\x09\x09\x09\x09\x0D\x0A\x09\x09\x09\x09\x09\x09\x09','0',1,'1','GROUP_APN_DATE'
'GROUP_COUNTRY_DATE','402881d12a2257f3012a41289c1a0176','APN用户归属时间走势','/mantoeye/data_trend/group_apn_belong.jsp?1=1',3,'\x09\x09\x09\x09\x09\x09\x09\x09\x09\x09\x09\x09\x09\x09\x09\x09\x09\x09\x09\x09\x09\x09\x09\x09\x09\x09\x09\x09\x09\x09\x09\x09\x09\x09\x09\x09\x09\x09\x09\x09 \x0D\x0A\x09\x09\x09\x09\x09\x09\x09\x0D\x0A\x09\x09\x09\x09\x09\x09\x09\x0D\x0A\x09\x09\x09\x09\x09\x09\x09\x0D\x0A\x09\x09\x09\x09\x09\x09\x09\x0D\x0A\x09\x09\x09\x09\x09\x09\x09','0',1,'1','GROUP_COUNTRY_DATE'
'BIG_FLUSH_TREND','BUSINUSS_BIG_FLUSH','时段大流量用户','/mantoeye/valueset/big_flash_display1.jsp?1=1',2,'\x09\x09\x09\x09\x09\x09\x09\x09\x09\x09\x09\x09\x09\x09\x09\x09\x09\x09\x09\x09\x09\x09\x09\x09\x09\x09\x09\x09\x09\x09\x09\x09 \x0D\x0A\x09\x09\x09\x09\x09\x09\x09\x0D\x0A\x09\x09\x09\x09\x09\x09\x09\x0D\x0A\x09\x09\x09\x09\x09\x09\x09\x0D\x0A\x09\x09\x09\x09\x09\x09\x09','0',1,'1','BIG_FLUSH_TREND'
'MMS_PORT_MANA','BASE_MMS_MANA','端口管理','/mantoeye/mms/sp_port_manager.jsp?1=1',8,'\x09\x09\x09\x09\x09\x09\x09\x09 \x0D\x0A\x09\x09\x09\x09\x09\x09\x09','0',1,'1','MMS_PORT_MANA'
'402881d12a2257f3012a41201b8700da','BASE_BUSINUSS_MANA','全网业务走势','#',2,'\x09\x09\x09\x09\x09\x09\x09\x09\x09\x09\x09\x09\x09\x09\x09\x09\x0D\x0A\x09\x09\x09\x09\x09\x09\x09\x0D\x0A\x09\x09\x09\x09\x09\x09\x09','0',1,'1','TOTAL_TREND'
'402881d12a2257f3012a41289c1a0176','BASE_BUSINUSS_MANA','集团业务走势','#',4,'\x09\x09\x09\x09\x09\x09\x09\x09\x09\x09\x09\x09\x09\x09\x09\x09\x0D\x0A\x09\x09\x09\x09\x09\x09\x09\x0D\x0A\x09\x09\x09\x09\x09\x09\x09','0',1,'1','FLUSH_APN_TREND'
'SYSTEM_EVENT_LOG_MANA','BASE_SYSTEM_MANA','事件日志','/sysdata/eventlogs/index.jsp?1=1',6,'\x09\x09\x09\x09\x09\x09\x09\x09\x09\x09\x09\x09\x09\x09\x09\x09 \x0D\x0A\x09\x09\x09\x09\x09\x09\x09\x0D\x0A\x09\x09\x09\x09\x09\x09\x09','0',1,'1','SYSTEM_EVENT_LOG_MANA'
'EVENT_LOG_BTN_ADD','SYSTEM_EVENT_LOG_MANA','[按钮]添加日志','#',1,'','0',2,'1','EVENT_LOG_BTN_ADD'
'EVENT_LOG_BTN_EDIT','SYSTEM_EVENT_LOG_MANA','[按钮]编辑日志','#',1,'','0',2,'1','EVENT_LOG_BTN_EDIT'
'EVENT_LOG_BTN_DEL','SYSTEM_EVENT_LOG_MANA','[按钮]删除日志','#',1,'','0',2,'1','EVENT_LOG_BTN_DEL'
'402881d12b57be3d012b5b41ff860039','BIG_FLUSH_TREND','[按钮]加入黑名单','#',2,'\x09\x09\x09\x09\x09\x09\x09\x09\x0D\x0A\x09\x09\x09\x09\x09\x09\x09','0',2,'0','BIG_FLUSH_TREND_ADD_BLACK_2'
'GAO_JING_ANALYZE_INDEX','GAO_JING_JIAN_KONG_INDEX','流量识别率告警','distinguishRatioAlarm_pieQuery.do?1=1',1,'\x09\x09\x09\x09\x09\x09\x09\x09\x0D\x0A\x09\x09\x09\x09\x09\x09\x09','0',1,'1','GAO_JING_ANALYZE_INDEX'
'GAO_JING_JIAN_KONG_INDEX','BASE','告警监控','#',7,'\x09\x09\x09\x09\x09\x09\x09\x09\x0D\x0A\x09\x09\x09\x09\x09\x09\x09','0',1,'1','GAO_JING_JIAN_KONG_INDEX'
'402881d12c3e1ea1012c3e3b4326000c','GAO_JING_JIAN_KONG_INDEX','数据库实时告警','monitoringDB_init.do?1=1',2,'\x09\x09\x09\x09\x09\x09\x09\x09\x0D\x0A\x09\x09\x09\x09\x09\x09\x09','0',1,'1','DB_MONITING_GAOJING'
'402881d12c967306012c96793af10008','BASE_SYSTEM_MANA','首页公告栏信息','/sysdata/note/index_note.jsp?1=1',6,'\x09\x09\x09\x09\x09\x09\x09\x09\x0D\x0A\x09\x09\x09\x09\x09\x09\x09','0',1,'1','INDEX_NOTE_INFO'
'ff80808130f415720130f41ed93a0004','BASE','大运保障','#',7,'','0',1,'1','BAOZHANG'
'ff80808130f415720130f4250153009f','ff80808130f415720130f41ed93a0004','重要客户','/mantoeye/sports/important_customer.jsp?1=1',1,'','0',1,'1','IMPORTANT_CUSTOMER'
'ff80808130f4806e0130f4936b160005','ff80808130f415720130f4250153009f','[按钮]导入','#',0,'','0',2,'1','IMPORTANT_CUSTOMER_BTN_IMPORT'
'ff80808131037800013103dd2caf0006','ff80808130f415720130f41ed93a0004','业务排名','/mantoeye/sports/topbusiness.jsp?1=1',3,'','0',1,'1','TOP_BUSINESS'
'ff808081311d676a01311d76a13e0004','ff80808130f415720130f41ed93a0004','集团客户','/mantoeye/sports/Customer.jsp?1=1',2,'','0',1,'1','GROUP_CUSTOMER'
'ff8080813122791a01312285fb070004','ff80808130f415720130f41ed93a0004','无线业务','/mantoeye/sports/WirelessBusiness.jsp?1=1',4,'','0',1,'1','WIRELESS_BUSINESS'
'ff8080813122c3ba013122c728e90004','ff808081311d676a01311d76a13e0004','[按钮]号码导入','#',0,'','0',2,'1','GROUP_CUSTOMER_BTN_IMPORT_NUMBER'
'IMPORTANT_CUSTOMER_NUMBER','ff80808130f415720130f41ed93a0004','重要客户号码','/mantoeye/sports/customer_number/customer_number_index.jsp?1=1',5,'\x09\x09\x09\x09\x09\x09\x09\x09\x09\x09\x09\x09\x09\x09\x09\x09\x09\x09\x09\x09\x09\x09\x09\x09\x09\x09\x09\x09\x09\x09\x09\x09\x09\x09\x09\x09\x09\x09\x09\x09\x09\x09\x09\x09\x09\x09\x09\x09\x09\x09\x09\x09\x09\x09\x09\x09 \x0D\x0A\x09\x09\x09\x09\x09\x09\x09\x0D\x0A\x09\x09\x09\x09\x09\x09\x09\x0D\x0A\x09\x09\x09\x09\x09\x09\x09\x0D\x0A\x09\x09\x09\x09\x09\x09\x09\x0D\x0A\x09\x09\x09\x09\x09\x09\x09\x0D\x0A\x09\x09\x09\x09\x09\x09\x09\x0D\x0A\x09\x09\x09\x09\x09\x09\x09','0',1,'0','IMPORTANT_CUSTOMER_NUMBER'
'CUSTOMER_NUMBER_BTN_ADD','IMPORTANT_CUSTOMER_NUMBER','[按钮]添加','#',0,'','0',2,'1','IMPORTANT_CUSTOMER_NUMBER_BTN_ADD'
'CUSTOMER_NUMBER_BTN_EDIT','IMPORTANT_CUSTOMER_NUMBER','[按钮]编辑','#',1,'','0',2,'1','IMPORTANT_CUSTOMER_NUMBER_BTN_EDIT'
'CUSTOMER_NUMBER_BTN_DEL','IMPORTANT_CUSTOMER_NUMBER','[按钮]删除','#',2,'','0',2,'1','IMPORTANT_CUSTOMER_NUMBER_BTN_DEL'
'GROUP_CUSTOMER_NUMBER','ff80808130f415720130f41ed93a0004','集团客户号码','/sports/aggregateNum/aggregatenum-index.jsp?1=1',5,'','0',1,'0','GROUP_CUSTOMER_NUMBER'
'GROUP_CUSTOMER_NUMBER_BTN_ADD','GROUP_CUSTOMER_NUMBER','[按钮]添加','#',0,'','0',2,'1','GROUP_CUSTOMER_NUMBER_BTN_ADD'
'GROUP_CUSTOMER_NUMBER_BTN_EDIT','GROUP_CUSTOMER_NUMBER','[按钮]编辑','#',1,'','0',2,'1','GROUP_CUSTOMER_NUMBER_BTN_EDIT'
'GROUP_CUSTOMER_NUMBER_BTN_DEL','GROUP_CUSTOMER_NUMBER','[按钮]删除','#',2,'','0',2,'1','GROUP_CUSTOMER_NUMBER_BTN_DEL'
'AREA_MAP_CELL','ff80808130f415720130f41ed93a0004','保障区域','/mantoeye/sports/area_map_cell/area_map_cell_index.jsp?1=1',7,'','0',1,'0','AREA_MAP_CELL'
'AREA_MAP_CELL_BTN_ADD','AREA_MAP_CELL','[按钮]更新保障区域','#',0,'','0',2,'1','AREA_MAP_CELL_BTN_ADD'
'AREAS_BUSINESS_MANA','BASE_BUSINUSS_MANA','区域客户分析','#',7,,'0',1,'1','AREAS_BUSINESS_MANA'
'AREAS_BUSINESS_TREND','AREAS_BUSINESS_MANA','区域客户时间走势','/mantoeye/data_trend/areas_business_trend.jsp?1=1',1,,'0',1,'1','AREAS_BUSINESS_TREND'
'AREAS_MAP_CELL','AREAS_BUSINESS_MANA','自定义小区集','/mantoeye/data_analyse/areas_map_cell.jsp?1=1',3,'','0',1,'0','AREAS_MAP_CELL'
'AREAS_MAP_CELL_BTN_ADD','AREAS_MAP_CELL','[按钮]更新小区集','#',0,'','0',2,'1','AREAS_MAP_CELL_BTN_ADD'
'AREAS_BUSINESS','AREAS_BUSINESS_MANA','区域客户业务分析','/mantoeye/data_analyse/areas_business.jsp?1=1',0,,'0',1,'1','AREAS_BUSINESS'
'POPULATION_CONFIGURE','BASE_RULE_MANA','常驻人口配置','/mantoeye/business_rules/population_configure/population_configure.jsp?1=1',7,'','0',1,'1','POPULATIONCONFIGURE'
'POPULATION_CONFIGURE_BTN_ADD','POPULATION_CONFIGURE','[按钮]添加','#',0,'','0',2,'1','POPULATION_CONFIGURE_BTN_ADD'
'POPULATION_CONFIGURE_BTN_EDIT','POPULATION_CONFIGURE','[按钮]编辑','#',1,'','0',2,'1','POPULATION_CONFIGURE_BTN_EDIT'
'POPULATION_CONFIGURE_BTN_DEL','POPULATION_CONFIGURE','[按钮]删除','#',2,'','0',2,'1','POPULATION_CONFIGURE_BTN_DEL'
'DATA_OUTPUT','BUSINUSS_DATA_CATCH','自定义数据输出','/mantoeye/data_catch/data_output_index.jsp?1=1',5,'','0',1,'1','DATA_OUTPUT'
'DATA_OUTPUT_BTN_ADD','DATA_OUTPUT','[按钮]添加','#',0,'','0',2,'1','DATA_OUTPUT_BTN_ADD'
'DATA_OUTPUT_BTN_EDIT','DATA_OUTPUT','[按钮]编辑','#',1,'','0',2,'1','DATA_OUTPUT_BTN_EDIT'
'DATA_OUTPUT_BTN_DEL','DATA_OUTPUT','[按钮]删除','#',2,'','0',2,'1','DATA_OUTPUT_BTN_DEL'
'DATA_OUTPUT_BTN_PAUSE','DATA_OUTPUT','[按钮]停止','#',3,'','0',2,'1','DATA_OUTPUT_BTN_PAUSE'
'OWN_BUSINESS_MANA','BASE_BUSINUSS_MANA','重点业务分析','#',8,'','0',1,'1','OWN_BUSINESS_MANA'
'OWN_BUSINESS_CONFIGURE','OWN_BUSINESS_MANA','重点业务配置','/mantoeye/data_analyse/own_business/own_business_configure.jsp?1=1',0,'','0',1,'1','OWN_BUSINESS_CONFIGURE'
'OWN_BUSINESS_ANLYSE','OWN_BUSINESS_MANA','重点业务分析','/mantoeye/data_analyse/own_business/own_business_anlyse.jsp?1=1',0,'','0',1,'1','OWN_BUSINESS_ANLYSE'
'TERMINAL_CONFIGURE','BASE_TERMINAL_MANA','终端配置','/mantoeye/terminalmanager/terminal_configure_index.jsp?1=1',4,'','0',1,'1','TERMINAL_CONFIGURE'
'TERMINAL_CONFIGURE_BTN_ADD','TERMINAL_CONFIGURE','[按钮]添加','#',0,'','0',2,'1','TERMINAL_CONFIGURE_BTN_ADD'
'TERMINAL_CONFIGURE_BTN_EDIT','TERMINAL_CONFIGURE','[按钮]编辑','#',1,'','0',2,'1','TERMINAL_CONFIGURE_BTN_EDIT'
'TERMINAL_CONFIGURE_BTN_DEL','TERMINAL_CONFIGURE','[按钮]删除','#',2,'','0',2,'1','TERMINAL_CONFIGURE_BTN_DEL'
'BASE_BIS_HEALTH_MANA','BASE','业务健康度','#',6,'\x09\x09\x09\x09\x09\x09\x09\x09 \x0D\x0A\x09\x09\x09\x09\x09\x09\x09','0',1,'1','BASE_BIS_HEALTH_MANA'
'BIS_HEALTH','BIS_HEALTH_INDEX','业务健康度','/mantoeye/bis_health/bis_health_index.jsp?1=1',0,,'0',1,'1','BIS_HEALTH'
'BIS_HEALTH_BTN_ADD','BIS_HEALTH','[按钮]添加','#',0,'','0',2,'1','BIS_HEALTH_BTN_ADD'
'BIS_HEALTH_BTN_EDIT','BIS_HEALTH','[按钮]编辑','#',1,'','0',2,'1','BIS_HEALTH_BTN_EDIT'
'BIS_HEALTH_BTN_DEL','BIS_HEALTH','[按钮]删除','#',2,'','0',2,'1','BIS_HEALTH_BTN_DEL'
'BIS_HEALTH_BTN_START','BIS_HEALTH','[按钮]开始任务','#',3,'','0',2,'1','BIS_HEALTH_BTN_START'
'BIS_HEALTH_BTN_STOP','BIS_HEALTH','[按钮]停止任务','#',4,'','0',2,'1','BIS_HEALTH_BTN_STOP'
'TERMINAL_UPGRADE','BASE_TERMINAL_MANA','终端升级','/mantoeye/terminal/terminalupgrade.jsp?1=1',5,'','0',1,'1','TERMINAL_UPGRADE'
'TERMINAL_SYSANALYSE','BASE_TERMINAL_MANA','智能终端系统分析','/mantoeye/terminal/terminalsystem.jsp?1=1',6,'\x09\x09\x09\x09\x09\x09\x09\x09\x0D\x0A\x09\x09\x09\x09\x09\x09\x09','0',1,'0','TERMINAL_SYSANALYSE'
'TERMINAL_CAMERATRACK','BASE_BUSINUSS_MANA','通用拍照跟踪','/mantoeye/terminal/Cameratrack.jsp?1=1',8,'\x09\x09\x09\x09\x09\x09\x09\x09\x0D\x0A\x09\x09\x09\x09\x09\x09\x09','0',1,'1','TERMINAL_CAMERATRACK'
'OWN_BUSINESS_TASK','OWN_BUSINESS_MANA','重点业务任务定制','/mantoeye/data_analyse/own_business/own_business_task.jsp?1=1',2,,'0',1,'0','OWN_BUSINESS_TASK'
'OWN_BUSINESS_TASK_BTN_ADD','OWN_BUSINESS_TASK','[按钮]添加','#',0,'','0',2,'1','OWN_BUSINESS_TASK_BTN_ADD'
'OWN_BUSINESS_TASK_BTN_EDIT','OWN_BUSINESS_TASK','[按钮]编辑','#',1,'','0',2,'1','OWN_BUSINESS_TASK_BTN_EDIT'
'OWN_BUSINESS_TASK_BTN_DEL','OWN_BUSINESS_TASK','[按钮]删除','#',2,'','0',2,'1','OWN_BUSINESS_TASK_BTN_DEL'
'TERMINAL_AREA_ANLYSE','BASE_TERMINAL_MANA','终端区域分析','/mantoeye/terminal/terminal_area_anlyse.jsp?1=1',5,' ','0',1,'1','TERMINAL_AREA_ANLYSE'
'TERMINAL_TYPE_ANLYSE','BASE_TERMINAL_MANA','终端类型分析','/mantoeye/terminal/terminal_type_anlyse.jsp?1=1',6,' ','0',1,'1','TERMINAL_TYPE_ANLYSE'
'TERMINAL_UPGRADETASK','BASE_TERMINAL_MANA','终端升级任务定制','/mantoeye/terminal/terminalupgrade_Task.jsp?1=1',11,,'0',1,'0','TERMINAL_UPGRADETASK'
'TERMINAL_UPGRADETASK_BTN_ADD','TERMINAL_UPGRADETASK','[按钮]添加','#',0,' ','0',2,'1','TERMINAL_UPGRADETASK_BTN_ADD'
'TERMINAL_UPGRADETASK_BTN_EDIT','TERMINAL_UPGRADETASK','[按钮]编辑','#',1,' ','0',2,'1','TERMINAL_UPGRADETASK_BTN_EDIT'
'TERMINAL_UPGRADETASK_BTN_DEL','TERMINAL_UPGRADETASK','[按钮]删除','#',2,' ','0',2,'1','TERMINAL_UPGRADETASK_BTN_DEL'
'TERMINAL_UPGRADETASK_BTN_PAUSE','TERMINAL_UPGRADETASK','[按钮]停止','#',3,' ','0',2,'1','TERMINAL_UPGRADETASK_BTN_PAUSE'
'TERMINAL_FLUSHLEVEL','BASE_BUSINUSS_MANA','流量分层','/mantoeye/terminal/FlushLevel.jsp?1=1',7,,'0',1,'1','TERMINAL_FLUSHLEVEL'
'FLUSHGRADE','BASE_TERMINAL_MANA','配置流量档次','/mantoeye/terminal/FlushGrade.jsp?1=1',5,' ','0',1,'0','FLUSHGRADE'
'FLUSHGRADE_BTN_ADD','FLUSHGRADE','[按钮]添加','#',0,' ','0',2,'1','FLUSHGRADE_BTN_ADD'
'FLUSHGRADE_BTN_DEL','FLUSHGRADE','[按钮]删除','#',2,' ','0',2,'1','FLUSHGRADE_BTN_DEL'
'BIS_HEALTH_INDEX','BASE_BIS_HEALTH_MANA','业务健康度','#',1,' ','0',1,'1','BIS_HEALTH_INDEX'
'DIMEN_MANAGER','BASE_RULE_MANA','维度管理','/sysdata/dimenManage/dimenManage_index.jsp?1=1',7,' ','0',1,'1','DIMEN_MANAGER'
'FLUSH_BUSI_DIST_V2','BUSINUSS_FLUSH','新业务分布','/mantoeye/data_analyse/business_distribute_v2.jsp?1=1',3,'\x09\x09\x09\x09\x09\x09\x09\x09\x09\x09\x09\x09\x09\x09\x09\x09\x09\x09\x09\x09\x09\x09\x09\x09 \x0D\x0A\x09\x09\x09\x09\x09\x09\x09\x0D\x0A\x09\x09\x09\x09\x09\x09\x09\x0D\x0A\x09\x09\x09\x09\x09\x09\x09','0',1,'1','FLUSH_BUSI_DIST_V2'
'FLUSH_SPACE_DIST_V2','BUSINUSS_FLUSH','新空间分布','/mantoeye/data_analyse/space_distribute_v2.jsp?1=1',1,'\x09\x09\x09\x09\x09\x09\x09\x09\x09\x09\x09\x09\x09\x09\x09\x09\x09\x09\x09\x09\x09\x09\x09\x09 \x0D\x0A\x09\x09\x09\x09\x09\x09\x09\x0D\x0A\x09\x09\x09\x09\x09\x09\x09\x0D\x0A\x09\x09\x09\x09\x09\x09\x09','0',1,'1','FLUSH_SPACE_DIST_V2'
'FLUSH_CON_DIST','BUSINUSS_FLUSH','新内容分布','/mantoeye/data_analyse/context_distribute.jsp?1=1',3,'\x09\x09\x09\x09\x09\x09\x09\x09\x09\x09\x09\x09\x09\x09\x09\x09 \x0D\x0A\x09\x09\x09\x09\x09\x09\x09\x0D\x0A\x09\x09\x09\x09\x09\x09\x09','0',1,'1','FLUSH_CON_DIST'
