1,'全网数据业务流量分布呈现',5,'ftbGnAppData','0 ','0 ','query_ftbStatHourGprsTotalFlush;ftp;load_ftbStatHourGprsTotalFlush'
2,'\x0D 全网数据业务分析之空间分析呈现_BSC',5,'ftbGnAppData','0 ','0 ','query_ftbStatHourBscGprsSpace;ftp;load_ftbStatHourBscGprsSpace'
3,'\x0D\x0A全网数据业务分析之空间分析呈现_SGSN',5,'ftbGnAppData','0 ','0 ','query_ftbStatHourSgsnGprsSpace;ftp;load_ftbStatHourSgsnGprsSpace'
4,'\x0D\x0A全网数据业务分析之空间分析呈现_街道办',5,'ftbGnAppData','0 ','0 ','query_ftbStatHourStreetGprsSpace;ftp;load_ftbStatHourStreetGprsSpace'
5,'\x0D\x0A全网数据业务分析之空间分析呈现_营销片区',5,'ftbGnAppData','0 ','0 ','query_ftbStatHourSaleAreaGprsSpace;ftp;load_ftbStatHourSaleAreaGprsSpace'
6,'\x0D\x0A全网数据业务分析之空间分析呈现_分公司',5,'ftbGnAppData','0 ','0 ','query_ftbStatHourCompanyGprsSpace;ftp;load_ftbStatHourCompanyGprsSpace'
7,'\x0D\x0A全网数据业务分析之空间分析呈现_业务维BSC',5,'ftbGnAppData','0 ','0 ','query_ftbStatHourBscBussType;ftp;load_ftbStatHourBscBussType'
8,'\x0D\x0A全网数据业务分析之空间分析呈现_业务维SGSN',5,'ftbGnAppData','0 ','0 ','query_ftbStatHourSgsnBussType;ftp;load_ftbStatHourSgsnBussType'
9,'\x0D\x0A全网数据业务分析之空间分析呈现_业务维街道办',5,'ftbGnAppData','0 ','0 ','query_ftbStatHourStreetBussType;ftp;load_ftbStatHourStreetBussType'
10,'全网数据业务分析之空间分析呈现_业务维营销片区',5,'ftbGnAppData','0 ','0 ','query_ftbStatHourSaleAreaBussType;ftp;load_ftbStatHourSaleAreaBussType'
11,'\x0D\x0A全网数据业务分析之空间分析呈现_业务维分公司',5,'ftbGnAppData','0 ','0 ','query_ftbStatHourCompanyBussType;ftp;load_ftbStatHourCompanyBussType'
12,'\x0D\x0A全网数据业务分析之业务',5,'ftbGnAppData','0 ','0 ','query_ftbStatHourGprsBussType;ftp;load_ftbStatHourGprsBussType'
13,'\x0D\x0A全网数据业务分析之APN',5,'ftbGnAppData','0 ','0 ','query_ftbStatHourApn;ftp;load_ftbStatHourApn'
14,'\x0D\x0A全网数据业务分析之APNType',5,'ftbGnAppData','0 ','0 ','query_ftbStatHourApnType;ftp;load_ftbStatHourApnType'
15,'\x0D\x0A全网数据业务分析之协议',5,'ftbGnAppData','0 ','0 ','query_ftbStatHourTcpProtocol;ftp;load_ftbStatHourTcpProtocol'
16,'\x0D\x0A全网数据业务分析之WAP',5,'ftbGnAppData','0 ','0 ','query_ftbStatHourWapProtocol;ftp;load_ftbStatHourWapProtocol'
17,'\x0D\x0A全网数据业务分析之用户归属',5,'ftbGnAppData','0 ','0 ','query_ftbStatHourUserBelong;ftp;load_ftbStatHourUserBelong'
18,'\x0D\x0A全网数据业务分析之TOP100小区呈现',5,'ftbGnAppData','0 ','0 ','query_ftbStatHourCgiFlush;ftp;load_ftbStatHourCgiFlush;query_ftbStatHourCgiFlushUser;ftp;load_ftbStatHourCgiFlush'
19,'\x0D\x0A集团业务行为分析之空间_BSC',5,'ftbGnAppData','0 ','0 ','query_ftbStatHourApnBsc;ftp;load_ftbStatHourApnBsc'
20,'\x0D\x0A集团业务行为分析之空间_SGSN',5,'ftbGnAppData','0 ','0 ','query_ftbStatHourApnSgsn;ftp;load_ftbStatHourApnSgsn'
21,'\x0D\x0A集团业务行为分析之空间_街道办',5,'ftbGnAppData','0 ','0 ','query_ftbStatHourApnStreet;ftp;load_ftbStatHourApnStreet'
22,'\x0D\x0A集团业务行为分析之空间_营销片区',5,'ftbGnAppData','0 ','0 ','query_ftbStatHourApnSaleArea;ftp;load_ftbStatHourApnSaleArea'
23,'\x0D\x0A集团业务行为分析之空间_分公司',5,'ftbGnAppData','0 ','0 ','query_ftbStatHourApnCompany;ftp;load_ftbStatHourApnCompany'
24,'\x0D 集团业务行为分析之用户归属',5,'ftbGnAppData','0 ','0 ','query_ftbStatHourApnUserBelong;ftp;load_ftbStatHourApnUserBelong'
25,'\x0D\x0A全网数据业务分析之业务_Bussiness',5,'ftbGnAppData','0 ','0 ','query_ftbStatHourGprsBuss;ftp;load_ftbStatHourGprsBuss'
26,'\x0D\x0A宏观呈现平台之宏观呈现',5,'ftbGnAppData','0 ','0 ','query_ftbOverView;ftp;load_ftbOverView;exec_tbUDTime2APP'
27,'\x0D\x0A宏观呈现平台之宏观呈现_BB',5,'ftbBlackberry','0 ','0 ','query_ftbOverView_BB;ftp;load_ftbOverView;exec_tbUDTime2BB'
28,'全网数据业务分析之空间分析呈现用户数BSC',5,'ftbStatBussNetSpaceHourUsers','1 ','0 ','query_ftbStatDayBscGprsSpaceUsers;ftp;load_ftbStatDayBscGprsSpaceUsers'
29,'全网数据业务分析之空间分析呈现用户数SGSN',5,'ftbStatBussNetSpaceHourUsers','1 ','0 ','query_ftbStatDaySgsnGprsSpaceUsers;ftp;load_ftbStatDaySgsnGprsSpaceUsers'
30,'全网数据业务分析之空间分析呈现用户数_街道办',5,'ftbStatBussAdminSpaceHourUsers','1 ','0 ','query_ftbStatDayStreetGprsSpaceUsers;ftp;load_ftbStatDayStreetGprsSpaceUsers'
31,'全网数据业务分析之空间分析呈现用户数_营销片区',5,'ftbStatBussAdminSpaceHourUsers','1 ','0 ','query_ftbStatDaySaleAreaGprsSpaceUsers;ftp;load_ftbStatDaySaleAreaGprsSpaceUsers'
32,'全网数据业务分析之空间分析呈现用户数_分公司',5,'ftbStatBussAdminSpaceHourUsers','1 ','0 ','query_ftbStatDayCompanyGprsSpaceUsers;ftp;load_ftbStatDayCompanyGprsSpaceUsers'
33,'全网数据业务分析之空间分析呈现_业务维BSC',5,'ftbStatBussNetSpaceHourUsers','1 ','0 ','query_ftbStatDayBscBussTypeUsers;ftp;load_ftbStatDayBscBussTypeUsers'
34,'全网数据业务分析之空间分析_业务维SGSN',5,'ftbStatBussNetSpaceHourUsers','1 ','0 ','query_ftbStatDaySgsnBussTypeUsers;ftp;load_ftbStatDaySgsnBussTypeUsers'
35,'全网数据业务分析之空间分析_业务维_街道办',5,'ftbStatBussAdminSpaceHourUsers','1 ','0 ','query_ftbStatDayStreetBussTypeUsers;ftp;load_ftbStatDayStreetBussTypeUsers'
36,'全网数据业务分析之空间分析_业务维_营销片区',5,'ftbStatBussAdminSpaceHourUsers','1 ','0 ','query_ftbStatDaySaleAreaBussTypeUsers;ftp;load_ftbStatDaySaleAreaBussTypeUsers'
37,'全网数据业务分析之空间分析_业务维_分公司',5,'ftbStatBussAdminSpaceHourUsers','1 ','0 ','query_ftbStatDayCompanyBussTypeUsers;ftp;load_ftbStatDayCompanyBussTypeUsers'
38,'全网数据业务分析之业务用户数',5,'ftbStatBussNetSpaceHourUsers','1 ','0 ','query_ftbStatDayGprsBussTypeUsers;ftp;load_ftbStatDayGprsBussTypeUsers'
39,'全网数据业务分析之APN用户数',5,'ftbStatApnNetSpaceHourUsers','1 ','0 ','query_ftbStatDayApnUsers;ftp;load_ftbStatDayApnUsers'
40,'全网数据业务分析之APNType用户数',5,'ftbStatApnNetSpaceHourUsers','1 ','0 ','query_ftbStatDayApnTypeUsers;ftp;load_ftbStatDayApnTypeUsers'
41,'全网数据业务分析之协议用户数',5,'ftbStatProtocolHourUsers','1 ','0 ','query_ftbStatDayTcpProtocolUsers;ftp;load_ftbStatDayTcpProtocolUsers'
42,'全网数据业务分析之WAP用户数',5,'ftbStatWapHourUsers','1 ','0 ','query_ftbStatDayWapProtocolUsers;ftp;load_ftbStatDayWapProtocolUsers'
43,'全网数据业务分析之用户归属用户数',5,'ftbStatApnUserHourUsers','1 ','0 ','query_ftbStatDayUserBelongUsers;ftp;load_ftbStatDayUserBelongUsers'
44,'全网数据业务分析之TOP100小区呈现用户数',5,'ftbGnAppData','1 ','0 ','proc_ftbStatDayCgiFlushUser'
45,'集团业务行为分析之空间_BSC用户数',5,'ftbStatApnNetSpaceHourUsers','1 ','0 ','query_ftbStatDayApnBscUsers;ftp;load_ftbStatDayApnBscUsers'
46,'集团业务行为分析之空间_SGSN用户数',5,'ftbStatApnNetSpaceHourUsers','1 ','0 ','query_ftbStatDayApnSgsnUsers;ftp;load_ftbStatDayApnSgsnUsers'
47,'集团业务行为分析之空间_街道办用户数',5,'ftbStatApnAdminSpaceHourUsers','1 ','0 ','query_ftbStatDayApnStreetUsers;ftp;load_ftbStatDayApnStreetUsers'
48,'集团业务行为分析之空间_营销片区用户数',5,'ftbStatApnAdminSpaceHourUsers','1 ','0 ','query_ftbStatDayApnSaleAreaUsers;ftp;load_ftbStatDayApnSaleAreaUsers'
49,'集团业务行为分析之空间_分公司用户数',5,'ftbStatApnAdminSpaceHourUsers','1 ','0 ','query_ftbStatDayApnCompanyUsers;ftp;load_ftbStatDayApnCompanyUsers'
50,'集团业务行为分析之用户归属用户数',5,'ftbStatApnUserHourUsers','1 ','0 ','query_ftbStatDayApnUserBelongUsers;ftp;load_ftbStatDayApnUserBelongUsers'
51,'全网数据业务分析之业务_Bussiness用户数',5,'ftbStatBussNetSpaceHourUsers','1 ','0 ','query_ftbStatDayGprsBussUsers;ftp;load_ftbStatDayGprsBussUsers'
52,'\x0D 全网数据业务分析之空间分析用户数BSC',5,'ftbGnAppData','2 ','0 ','query_ftbStatWeekBscGprsSpaceUsers;ftp;load_ftbStatWeekBscGprsSpaceUsers'
53,'\x0D 全网数据业务分析之空间分析用户数SGSN',5,'ftbGnAppData','2 ','0 ','query_ftbStatWeekSgsnGprsSpaceUsers;ftp;load_ftbStatWeekSgsnGprsSpaceUsers'
54,'\x0D 全网数据业务分析之空间分析用户数_街道办',5,'ftbGnAppData','2 ','0 ','query_ftbStatWeekStreetGprsSpaceUsers;ftp;load_ftbStatWeekStreetGprsSpaceUsers'
55,'\x0D 全网数据业务分析之空间分析用户数_营销片区',5,'ftbGnAppData','2 ','0 ','query_ftbStatWeekSaleAreaGprsSpaceUsers;ftp;load_ftbStatWeekSaleAreaGprsSpaceUsers'
56,'\x0D 全网数据业务分析之空间分析用户数_分公司',5,'ftbGnAppData','2 ','0 ','query_ftbStatWeekCompanyGprsSpaceUsers;ftp;load_ftbStatWeekCompanyGprsSpaceUsers'
57,'全网数据业务分析之空间分析_业务维BSC',5,'ftbGnAppData','2 ','0 ','query_ftbStatWeekBscBussTypeUsers;ftp;load_ftbStatWeekBscBussTypeUsers'
58,'全网数据业务分析之空间分析_业务维SGSN',5,'ftbGnAppData','2 ','0 ','query_ftbStatWeekSgsnBussTypeUsers;ftp;load_ftbStatWeekSgsnBussTypeUsers'
59,'全网数据业务分析之空间分析_业务维_街道办',5,'ftbGnAppData','2 ','0 ','query_ftbStatWeekStreetBussTypeUsers;ftp;load_ftbStatWeekStreetBussTypeUsers'
60,'全网数据业务分析之空间分析_业务维_营销片区',5,'ftbGnAppData','2 ','0 ','query_ftbStatWeekSaleAreaBussTypeUsers;ftp;load_ftbStatWeekSaleAreaBussTypeUsers'
61,'全网数据业务分析之空间分析_业务维_分公司',5,'ftbGnAppData','2 ','0 ','query_ftbStatWeekCompanyBussTypeUsers;ftp;load_ftbStatWeekCompanyBussTypeUsers'
62,'\x0D\x0A全网数据业务分析之业务用户数',5,'ftbGnAppData','2 ','0 ','query_ftbStatWeekGprsBussTypeUsers;ftp;load_ftbStatWeekGprsBussTypeUsers'
63,'\x0D\x0A全网数据业务分析之APN用户数',5,'ftbGnSignalData','2 ','0 ','query_ftbStatWeekApnUsers;ftp;load_ftbStatWeekApnUsers'
64,'\x0D\x0A全网数据业务分析之APNType用户数',5,'ftbGnSignalData','2 ','0 ','query_ftbStatWeekApnTypeUsers;ftp;load_ftbStatWeekApnTypeUsers'
65,'\x0D\x0A全网数据业务分析之协议用户数',5,'ftbGnAppData','2 ','0 ','query_ftbStatWeekTcpProtocolUsers;ftp;load_ftbStatWeekTcpProtocolUsers'
66,'\x0D\x0A全网数据业务分析之WAP用户数',5,'ftbGnAppData','2 ','0 ','query_ftbStatWeekWapProtocolUsers;ftp;load_ftbStatWeekWapProtocolUsers'
67,'\x0D\x0A全网数据业务分析之用户归属用户数',5,'ftbGnSignalData','2 ','0 ','query_ftbStatWeekUserBelongUsers;ftp;load_ftbStatWeekUserBelongUsers'
68,'\x0D 集团业务行为分析之空间_BSC用户数',5,'ftbGnAppData','2 ','0 ','query_ftbStatWeekApnBscUsers;ftp;load_ftbStatWeekApnBscUsers'
69,'\x0D\x0A集团业务行为分析之空间_SGSN用户数',5,'ftbGnAppData','2 ','0 ','query_ftbStatWeekApnSgsnUsers;ftp;load_ftbStatWeekApnSgsnUsers'
70,'\x0D\x0A集团业务行为分析之空间_街道办用户数',5,'ftbGnAppData','2 ','0 ','query_ftbStatWeekApnStreetUsers;ftp;load_ftbStatWeekApnStreetUsers'
71,'\x0D\x0A集团业务行为分析之空间_营销片区用户数',5,'ftbGnAppData','2 ','0 ','query_ftbStatWeekApnSaleAreaUsers;ftp;load_ftbStatWeekApnSaleAreaUsers'
72,'\x0D\x0A集团业务行为分析之空间_分公司用户数',5,'ftbGnAppData','2 ','0 ','query_ftbStatWeekApnCompanyUsers;ftp;load_ftbStatWeekApnCompanyUsers'
73,'\x0D\x0A集团业务行为分析之用户归属用户数',5,'ftbGnSignalData','2 ','0 ','query_ftbStatWeekApnUserBelongUsers;ftp;load_ftbStatWeekApnUserBelongUsers'
74,'\x0D\x0A全网数据业务分析之业务_Bussiness用户数',5,'ftbGnAppData','2 ','0 ','query_ftbStatWeekGprsBussUsers;ftp;load_ftbStatWeekGprsBussUsers'
75,'\x0D 全网数据业务分析之空间分析用户数BSC',5,'ftbGnAppData','3 ','0 ','query_ftbStatMonthBscGprsSpaceUsers;ftp;load_ftbStatMonthBscGprsSpaceUsers'
76,'\x0D 全网数据业务分析之空间分析用户数SGSN',5,'ftbGnAppData','3 ','0 ','query_ftbStatMonthSgsnGprsSpaceUsers;ftp;load_ftbStatMonthSgsnGprsSpaceUsers'
77,'\x0D 全网数据业务分析之空间分析用户数_街道办',5,'ftbGnAppData','3 ','0 ','query_ftbStatMonthStreetGprsSpaceUsers;ftp;load_ftbStatMonthStreetGprsSpaceUsers'
78,'\x0D 全网数据业务分析之空间分析用户数_营销片区',5,'ftbGnAppData','3 ','0 ','query_ftbStatMonthSaleAreaGprsSpaceUsers;ftp;load_ftbStatMonthSaleAreaGprsSpaceUsers'
79,'\x0D 全网数据业务分析之空间分析用户数_分公司',5,'ftbGnAppData','3 ','0 ','query_ftbStatMonthCompanyGprsSpaceUsers;ftp;load_ftbStatMonthCompanyGprsSpaceUsers'
80,'全网数据业务分析之空间分析_业务维BSC',5,'ftbGnAppData','3 ','0 ','query_ftbStatMonthBscBussTypeUsers;ftp;load_ftbStatMonthBscBussTypeUsers'
81,'全网数据业务分析之空间分析_业务维SGSN',5,'ftbGnAppData','3 ','0 ','query_ftbStatMonthSgsnBussTypeUsers;ftp;load_ftbStatMonthSgsnBussTypeUsers'
82,'全网数据业务分析之空间分析_业务维_街道办',5,'ftbGnAppData','3 ','0 ','query_ftbStatMonthStreetBussTypeUsers;ftp;load_ftbStatMonthStreetBussTypeUsers'
83,'全网数据业务分析之空间分析_业务维_营销片区',5,'ftbGnAppData','3 ','0 ','query_ftbStatMonthSaleAreaBussTypeUsers;ftp;load_ftbStatMonthSaleAreaBussTypeUsers'
84,'全网数据业务分析之空间分析_业务维_分公司',5,'ftbGnAppData','3 ','0 ','query_ftbStatMonthCompanyBussTypeUsers;ftp;load_ftbStatMonthCompanyBussTypeUsers'
85,'\x0D\x0A全网数据业务分析之业务用户数',5,'ftbGnAppData','3 ','0 ','query_ftbStatMonthGprsBussTypeUsers;ftp;load_ftbStatMonthGprsBussTypeUsers'
86,'\x0D\x0A全网数据业务分析之APN用户数',5,'ftbGnSignalData','3 ','0 ','query_ftbStatMonthApnUsers;ftp;load_ftbStatMonthApnUsers'
87,'\x0D\x0A全网数据业务分析之APNType用户数',5,'ftbGnSignalData','3 ','0 ','query_ftbStatMonthApnTypeUsers;ftp;load_ftbStatMonthApnTypeUsers'
88,'\x0D\x0A全网数据业务分析之协议用户数',5,'ftbGnAppData','3 ','0 ','query_ftbStatMonthTcpProtocolUsers;ftp;load_ftbStatMonthTcpProtocolUsers'
89,'\x0D\x0A全网数据业务分析之WAP用户数',5,'ftbGnAppData','3 ','0 ','query_ftbStatMonthWapProtocolUsers;ftp;load_ftbStatMonthWapProtocolUsers'
90,'\x0D\x0A全网数据业务分析之用户归属用户数',5,'ftbGnSignalData','3 ','0 ','query_ftbStatMonthUserBelongUsers;ftp;load_ftbStatMonthUserBelongUsers'
91,'\x0D\x0A集团业务行为分析之空间_BSC用户数',5,'ftbGnAppData','3 ','0 ','query_ftbStatMonthApnBscUsers;ftp;load_ftbStatMonthApnBscUsers'
92,'\x0D\x0A集团业务行为分析之空间_SGSN用户数',5,'ftbGnAppData','3 ','0 ','query_ftbStatMonthApnSgsnUsers;ftp;load_ftbStatMonthApnSgsnUsers'
93,'\x0D\x0A集团业务行为分析之空间_街道办用户数',5,'ftbGnAppData','3 ','0 ','query_ftbStatMonthApnStreetUsers;ftp;load_ftbStatMonthApnStreetUsers'
94,'\x0D\x0A集团业务行为分析之空间_营销片区用户数',5,'ftbGnAppData','3 ','0 ','query_ftbStatMonthApnSaleAreaUsers;ftp;load_ftbStatMonthApnSaleAreaUsers'
95,'\x0D\x0A集团业务行为分析之空间_分公司用户数',5,'ftbGnAppData','3 ','0 ','query_ftbStatMonthApnCompanyUsers;ftp;load_ftbStatMonthApnCompanyUsers'
96,'\x0D\x0A集团业务行为分析之用户归属用户数',5,'ftbGnSignalData','3 ','0 ','query_ftbStatMonthApnUserBelongUsers;ftp;load_ftbStatMonthApnUserBelongUsers'
97,'\x0D\x0A全网数据业务分析之业务_Bussiness用户数',5,'ftbGnAppData','3 ','0 ','query_ftbStatMonthGprsBussUsers;ftp;load_ftbStatMonthGprsBussUsers'
98,'\x0D\x0A生成临时辅助用户数表(小时)',5,'ftbGnAppData','0 ','0 ','user_TempUsersData'
99,'\x0D\x0A大流量用户时间点分布',5,'ftbGnAppData','0 ','0 ','query_ftbStatTimeOverFlush;ftp;load_ftbStatTimeOverFlush'
100,'大流量用户分布(天)',5,'ftbGnAppData','1 ','0 ','user_TempOverFlush'
101,'\x0D\x0A点对点彩信区域统计（小时）',5,'ftbGnAppData','0 ','0 ','query_ftbStatHourPeerMmsArea;ftp;load_ftbStatHourPeerMmsArea'
102,'\x0D\x0A点对点彩信号段统计（小时）',5,'ftbGnAppData','0 ','0 ','query_ftbStatHourPeerMmsSeg;ftp;load_ftbStatHourPeerMmsSeg'
103,'按流量分档统计发送量（小时）',5,'ftbGnAppData','0 ','0 ','query_ftbStatHourSpMmsFlushSort;ftp;load_ftbStatHourSpMmsFlushSort'
104,'\x0D\x0ASP彩信主题区域统计（小时）',5,'ftbGnAppData','0 ','0 ','exec_ftbStatHourSpMmsTitleArea'
105,'\x0D\x0A彩信流量分时段统计（小时）',5,'ftbGnAppData','0 ','0 ','query_ftbStatHourWapFlush;ftp;load_ftbStatHourWapFlush'
106,'\x0D\x0A黑莓用户流量(小时)',5,'ftbBlackberry','0 ','0 ','query_ftbStatHourBbUserFlush;ftp;load_ftbStatHourBbUserFlush'
107,'黑莓用户流量统计（天-小区）',5,'ftbBlackberry','1 ','0 ','exec_ftbStatDayBbCgiUserFlush'
108,'\x0D\x0A黑莓用户流量统计（天-小区-国家）',5,'ftbBlackberry','3 ','0 ','exec_ftbStatMonthBbCountryUserFlush'
109,'\x0D\x0A黑莓活跃用户统计',5,'ftbBlackberry','3 ','1 ','query_ftbStatMonthBbActiveUser;ftp;load_ftbStatMonthBbActiveUser'
110,'全网数据业务流量分布呈现（天）',5,'ftbStatBussNetSpaceHourUsers','1 ','0 ','exec_ftbStatDayGprsTotalFlush;update_ftbStatDayGprsTotalFlush'
111,'\x0D\x0A全网数据业务流量分布呈现（周）',5,'ftbGnAppData','2 ','0 ','exec_ftbStatWeekGprsTotalFlush;update_ftbStatWeekGprsTotalFlush'
112,'\x0D\x0A全网数据业务流量分布呈现（月）',5,'ftbGnAppData','3 ','0 ','exec_ftbStatMonthGprsTotalFlush;update_ftbStatMonthGprsTotalFlush'
113,'业务规则_辅规则不匹配统计表',5,'ftbAssistRuleData','1 ','0 ','query_ftbStatDayAssistRule;ftp;load_ftbStatDayAssistRule'
114,'业务规则_主向量规则流量统计表',5,'ftbMainRuleFlushData','1 ','0 ','exec_ftbStatDayMainRuleFlush'
115,'业务规则_全量辅规则识别',5,'ftbAssistVetorRecogniseData','1 ','0 ','query_ftbAssistVetorRecognise;exec_delete_ftbAssistVetorRecognise;load_ftbAssistVetorRecognise;exec_delete_ftbAssistVetorRecogniseData'
116,'业务规则_业务流量排名Top1000',5,'ftbGnAppData','1 ','0 ','user_RuleTop1000'
117,'全网数据业务分析之APN按区域分布_BSC',5,'ftbGnAppData','0 ','0 ','query_ftbStatHourBscApnType;ftp;load_ftbStatHourBscApnType'
118,'全网数据业务分析之APN按区域分布_SGSN',5,'ftbGnAppData','0 ','0 ','query_ftbStatHourSgsnApnType;ftp;load_ftbStatHourSgsnApnType'
119,'全网数据业务分析之APN按区域分布_街道办',5,'ftbGnAppData','0 ','0 ','query_ftbStatHourStreetApnType;ftp;load_ftbStatHourStreetApnType'
120,'全网数据业务分析之APN按区域分布_营销片区',5,'ftbGnAppData','0 ','0 ','query_ftbStatHourSaleAreaApnType;ftp;load_ftbStatHourSaleAreaApnType'
121,'全网数据业务分析之APN按区域分布_分公司',5,'ftbGnAppData','0 ','0 ','query_ftbStatHourCompanyApnType;ftp;load_ftbStatHourCompanyApnType'
122,'全网数据业务分析之APN按区域分布_BSC',5,'ftbStatApnNetSpaceHourUsers','1 ','0 ','query_ftbStatDayBscApnTypeUsers;ftp;load_ftbStatDayBscApnTypeUsers'
123,'全网数据业务分析之APN按区域分布_SGSN',5,'ftbStatApnNetSpaceHourUsers','1 ','0 ','query_ftbStatDaySgsnApnTypeUsers;ftp;load_ftbStatDaySgsnApnTypeUsers'
124,'全网数据业务分析之APN按区域分布_街道办',5,'ftbStatApnAdminSpaceHourUsers','1 ','0 ','query_ftbStatDayStreetApnTypeUsers;ftp;load_ftbStatDayStreetApnTypeUsers'
125,'全网数据业务分析之APN按区域分布_营销片区',5,'ftbStatApnAdminSpaceHourUsers','1 ','0 ','query_ftbStatDaySaleAreaApnTypeUsers;ftp;load_ftbStatDaySaleAreaApnTypeUsers'
126,'全网数据业务分析之APN按区域分布_分公司',5,'ftbStatApnAdminSpaceHourUsers','1 ','0 ','query_ftbStatDayCompanyApnTypeUsers;ftp;load_ftbStatDayCompanyApnTypeUsers'
127,'全网数据业务分析之APN按区域分布_BSC',5,'ftbGnSignalData','2 ','0 ','query_ftbStatWeekBscApnTypeUsers;ftp;load_ftbStatWeekBscApnTypeUsers'
128,'全网数据业务分析之APN按区域分布_SGSN',5,'ftbGnSignalData','2 ','0 ','query_ftbStatWeekSgsnApnTypeUsers;ftp;load_ftbStatWeekSgsnApnTypeUsers'
129,'全网数据业务分析之APN按区域分布_街道办',5,'ftbGnSignalData','2 ','0 ','query_ftbStatWeekStreetApnTypeUsers;ftp;load_ftbStatWeekStreetApnTypeUsers'
130,'全网数据业务分析之APN按区域分布_营销片区',5,'ftbGnSignalData','2 ','0 ','query_ftbStatWeekSaleAreaApnTypeUsers;ftp;load_ftbStatWeekSaleAreaApnTypeUsers'
131,'全网数据业务分析之APN按区域分布_分公司',5,'ftbGnSignalData','2 ','0 ','query_ftbStatWeekCompanyApnTypeUsers;ftp;load_ftbStatWeekCompanyApnTypeUsers'
132,'全网数据业务分析之APN按区域分布_BSC',5,'ftbGnSignalData','3 ','0 ','query_ftbStatMonthBscApnTypeUsers;ftp;load_ftbStatMonthBscApnTypeUsers'
133,'全网数据业务分析之APN按区域分布_SGSN',5,'ftbGnSignalData','3 ','0 ','query_ftbStatMonthSgsnApnTypeUsers;ftp;load_ftbStatMonthSgsnApnTypeUsers'
134,'全网数据业务分析之APN按区域分布_街道办',5,'ftbGnSignalData','3 ','0 ','query_ftbStatMonthStreetApnTypeUsers;ftp;load_ftbStatMonthStreetApnTypeUsers'
135,'全网数据业务分析之APN按区域分布_营销片区',5,'ftbGnSignalData','3 ','0 ','query_ftbStatMonthSaleAreaApnTypeUsers;ftp;load_ftbStatMonthSaleAreaApnTypeUsers'
136,'全网数据业务分析之APN按区域分布_分公司',5,'ftbGnSignalData','3 ','0 ','query_ftbStatMonthCompanyApnTypeUsers;ftp;load_ftbStatMonthCompanyApnTypeUsers'
137,'全网数据业务分析之APN_active',5,'ftbGnSignalData','0 ','0 ','query_ftbStatHourApnActive;ftp;load_ftbStatHourApnActive'
138,'全网数据业务分析之APNType_active',5,'ftbGnSignalData','0 ','0 ','query_ftbStatHourApnTypeActive;ftp;load_ftbStatHourApnTypeActive'
139,'全网数据业务分析之用户归属_active',5,'ftbGnSignalData','0 ','0 ','query_ftbStatHourUserBelongActive;ftp;load_ftbStatHourUserBelongActive'
140,'集团业务行为分析之用户归属_active',5,'ftbGnSignalData','0 ','0 ','query_ftbStatHourApnUserBelongActive;ftp;load_ftbStatHourApnUserBelongActive'
141,'APN按区域分布_BSC_Active',5,'ftbGnSignalData','0 ','0 ','query_ftbStatHourBscApnTypeActive;ftp;load_ftbStatHourBscApnTypeActive'
142,'APN按区域分布_SGSN_Active',5,'ftbGnSignalData','0 ','0 ','query_ftbStatHourSgsnApnTypeActive;ftp;load_ftbStatHourSgsnApnTypeActive'
143,'APN按区域分布_街道办_Active',5,'ftbGnSignalData','0 ','0 ','query_ftbStatHourStreetApnTypeActive;ftp;load_ftbStatHourStreetApnTypeActive'
144,'APN按区域分布_营销片区_Active',5,'ftbGnSignalData','0 ','0 ','query_ftbStatHourSaleAreaApnTypeActive;ftp;load_ftbStatHourSaleAreaApnTypeActive'
145,'APN按区域分布_分公司_Active',5,'ftbGnSignalData','0 ','0 ','query_ftbStatHourCompanyApnTypeActive;ftp;load_ftbStatHourCompanyApnTypeActive'
146,'全网数据业务分析之TOP100小区用户',5,'ftbGnAppData','1 ','1 ','proc_ftbStatDayCgiFlushUser;query_ftbStatDayCgiFlushUser;ftp;load_ftbStatDayCgiFlush'
147,'黑莓用户流量统计(周-小区)',5,'ftbBlackberry','2 ','0 ','exec_ftbStatWeekBbCgiUserFlush'
148,'黑莓用户流量统计(月-小区)',5,'ftbBlackberry','3 ','0 ','exec_ftbStatMonthBbCgiUserFlush'
149,'黑莓用户流量统计(天-小区-国家)',5,'ftbBlackberry','1 ','0 ','exec_ftbStatDayBbCountryUserFlush'
150,'黑莓用户流量统计(周-小区-国家)',5,'ftbBlackberry','2 ','0 ','exec_ftbStatWeekBbCountryUserFlush'
151,'导出全表数据',5,'ftbGnAppData','0 ','1 ','query_ftbGnAppData'
152,'全网数据业务分析之自定义小区集分析呈现_GROUPAREA',5,'ftbGnAppData','0 ','0 ','query_ftbStatHourGroupAreaGprsSpace;ftp;load_ftbStatHourGroupAreaGprsSpace'
153,'全网数据业务分析之自定义小区集分析呈现用户数_GROUPAREA',5,'ftbStatGroupAreaHourUsers','1 ','0 ','query_ftbStatDayGroupAreaGprsSpaceUsers;ftp;load_ftbStatDayGroupAreaGprsSpaceUsers'
154,'全网数据业务分析之空间分析呈现_业务维自定义小区集',5,'ftbGnAppData','0 ','0 ','query_ftbStatHourGroupAreaBussType;ftp;load_ftbStatHourGroupAreaBussType'
155,'全网数据业务分析之空间分析呈现_业务维自定义小区集呈现用户数_GROUPAREA',5,'ftbStatGroupAreaHourUsers','1 ','0 ','query_ftbStatDayGroupAreaBussTypeUsers;ftp;load_ftbStatDayGroupAreaBussTypeUsers'
156,'全网数据业务分析之空间分析用户数自定义小区集',5,'ftbGnAppData','3 ','0 ','query_ftbStatMonthBscGprsSpaceUsers;ftp;load_ftbStatMonthBscGprsSpaceUsers'
157,'全网数据业务分析之空间分析_业务维自定义小区集',5,'ftbGnAppData','3 ','0 ','query_ftbStatMonthBscBussTypeUsers;ftp;load_ftbStatMonthBscBussTypeUsers'
158,'全网数据业务分析之空间分析用户数自定义小区集_常驻用户用户数',5,'ftbGnAppData','2 ','0 ','query_ftbStatWeekGroupAreaGprsResidentUsers;ftp;load_ftbStatWeekGroupAreaGprsResidentUsers'
159,'全网数据业务分析之空间分析用户数自定义小区集_常驻用户用户数',5,'ftbGnAppData','3 ','0 ','query_ftbStatMonthGroupAreaGprsResidentUsers;ftp;load_ftbStatMonthGroupAreaGprsResidentUsers'
